{
 "Graphene-cl": {
  "lib": {
   "time": {
    "total": 200.78643441200256,
    "relax": 157.50200510025024,
    "ssc": 12.142637014389038,
    "band": 24.992025136947632,
    "dos": 6.149767160415649
   },
   "lattice_para": {
    "relax": [
     2.467309433,
     2.467309433,
     8.454534998
    ],
    "ssc": [
     2.467309433,
     2.467309433,
     8.454534998
    ],
    "band": [
     2.467309433,
     2.467309433,
     8.454534998
    ],
    "dos": [
     2.467309433,
     2.467309433,
     8.454534998
    ]
   },
   "fermi": {
    "relax": -0.7974,
    "ssc": -0.705,
    "band": -0.7038,
    "dos": -1.0091
   },
   "energy": {
    "relax": -18.46192516,
    "ssc": -18.44900481,
    "band": -17.37228984,
    "dos": -18.44900159
   },
   "force_per_atom": {
    "relax": [
     -0.0,
     0.0,
     -0.0
    ],
    "ssc": [
     -0.0,
     -0.0,
     -0.0
    ],
    "band": [
     -0.0,
     -0.0,
     0.0
    ],
    "dos": [
     -0.0,
     -0.0,
     0.0
    ]
   },
   "total_mag": {
    "relax": -0.0,
    "ssc": -0.0,
    "band": -0.0,
    "dos": -0.0
   },
   "cpus": {
    "nodes": 1,
    "cores": 20
   },
   "bandgap": {
    "homo_index": 4,
    "band_gap": 0.0465,
    "vbm": -0.0453
   },
   "bandplot": "lib/public/Graphene-cl/RESULT/band/band.json",
   "dosplot": "lib/public/Graphene-cl/RESULT/dos/dos.json"
  },
  "calc": {
   "time": {
    "total": 201.43675827980042,
    "relax": 155.82533073425293,
    "ssc": 12.805885076522827,
    "band": 26.338839530944824,
    "dos": 6.466702938079834
   },
   "lattice_para": {
    "relax": [
     2.467309433,
     2.467309433,
     8.454534998
    ],
    "ssc": [
     2.467309433,
     2.467309433,
     8.454534998
    ],
    "band": [
     2.467309433,
     2.467309433,
     8.454534998
    ],
    "dos": [
     2.467309433,
     2.467309433,
     8.454534998
    ]
   },
   "fermi": {
    "relax": -0.7974,
    "ssc": -0.705,
    "band": -0.7038,
    "dos": -1.0091
   },
   "energy": {
    "relax": -18.46192516,
    "ssc": -18.44900481,
    "band": -17.37228984,
    "dos": -18.44900159
   },
   "force_per_atom": {
    "relax": [
     -0.0,
     0.0,
     -0.0
    ],
    "ssc": [
     -0.0,
     -0.0,
     -0.0
    ],
    "band": [
     -0.0,
     -0.0,
     0.0
    ],
    "dos": [
     -0.0,
     -0.0,
     0.0
    ]
   },
   "total_mag": {
    "relax": -0.0,
    "ssc": -0.0,
    "band": -0.0,
    "dos": -0.0
   },
   "cpus": {
    "nodes": 1,
    "cores": 20
   },
   "bandgap": {
    "homo_index": 4,
    "band_gap": 0.0465,
    "vbm": -0.0453
   },
   "bandplot": "calc/Graphene-cl/RESULT/band/band.json",
   "dosplot": "calc/Graphene-cl/RESULT/dos/dos.json"
  },
  "compare": {
   "cpus": {
    "nodes_diff": 0,
    "cores_diff": 0
   },
   "time_diff": {
    "relax": 1.6766743659973145,
    "ssc": -0.6632480621337891,
    "band": -1.3468143939971924,
    "dos": -0.31693577766418457,
    "total": -0.6503238677978516
   },
   "lsc_diff": {
    "relax": [
     0.0,
     0.0,
     0.0
    ],
    "ssc": [
     0.0,
     0.0,
     0.0
    ],
    "band": [
     0.0,
     0.0,
     0.0
    ],
    "dos": [
     0.0,
     0.0,
     0.0
    ]
   },
   "fermi_diff": {
    "relax": 0.0,
    "ssc": 0.0,
    "band": 0.0,
    "dos": 0.0
   },
   "energy_diff": {
    "relax": 0.0,
    "ssc": 0.0,
    "band": 0.0,
    "dos": 0.0
   },
   "force_diff": {
    "relax": [
     0.0,
     0.0,
     0.0
    ],
    "ssc": [
     0.0,
     0.0,
     0.0
    ],
    "band": [
     0.0,
     0.0,
     0.0
    ],
    "dos": [
     0.0,
     0.0,
     0.0
    ]
   },
   "mag_diff": {
    "relax": 0.0,
    "ssc": 0.0,
    "band": 0.0,
    "dos": 0.0
   },
   "bandgap": {
    "homo_diff": 0,
    "gap_diff": 0.0,
    "vbm_diff": 0.0
   },
   "bandplot": "report/figure/Graphene-cl.band.png",
   "band_diff": 0.0,
   "dosplot": "report/figure/Graphene-cl.dos.png",
   "dos_diff": 0.0
  }
 }
}